epoch,step,val_loss,train_loss
0,99,13.437071800231934,
0,99,,11.853270530700684
1,199,14.91515827178955,
1,199,,11.797821998596191
2,299,14.059520721435547,
2,299,,11.590681076049805
3,399,13.795968055725098,
3,399,,11.327618598937988
4,499,13.97630786895752,
4,499,,11.442147254943848
5,599,13.953410148620605,
5,599,,11.329095840454102
