epoch,step,val_loss,train_loss
0,99,13.446036338806152,
0,99,,11.869195938110352
1,199,13.097151756286621,
1,199,,11.722204208374023
2,299,13.656103134155273,
2,299,,11.655357360839844
3,399,14.654001235961914,
3,399,,11.58941650390625
