epoch,step,val_loss,train_loss
0,99,12.118721008300781,
0,99,,11.04690170288086
1,199,12.787450790405273,
1,199,,10.297468185424805
2,299,12.892895698547363,
2,299,,10.344616889953613
3,399,12.844098091125488,
3,399,,10.255060195922852
4,499,12.917702674865723,
4,499,,10.264759063720703
5,599,13.039087295532227,
5,599,,10.27946662902832
