epoch,step,val_loss,train_loss
0,99,13.446036338806152,
0,99,,11.869195938110352
1,199,13.097151756286621,
1,199,,11.722204208374023
2,299,14.142362594604492,
2,299,,11.620800971984863
3,399,14.724711418151855,
3,399,,11.572905540466309
4,499,13.332436561584473,
4,499,,11.349621772766113
5,599,13.19927978515625,
5,599,,11.350603103637695
6,699,13.529772758483887,
6,699,,11.339193344116211
