epoch,step,val_loss,train_loss
0,19,12.215456008911133,
0,19,,12.185420036315918
1,39,12.358965873718262,
1,39,,11.245326042175293
2,59,13.44945240020752,
2,59,,10.836194038391113
3,79,13.36876106262207,
3,79,,10.992372512817383
4,99,12.545662879943848,
4,99,,10.839409828186035
5,119,12.861919403076172,
5,119,,10.491216659545898
