epoch,step,val_loss,train_loss
0,49,12.269695281982422,
0,49,,11.501148223876953
1,99,14.22221565246582,
1,99,,11.031451225280762
2,149,13.247336387634277,
2,149,,10.533648490905762
3,199,13.345427513122559,
3,199,,10.439196586608887
4,249,12.86943531036377,
4,249,,10.41425895690918
5,299,13.188878059387207,
5,299,,10.399885177612305
