epoch,step,val_loss,train_loss
0,99,14.66538143157959,
0,99,,11.938549995422363
1,199,14.942317008972168,
1,199,,11.698563575744629
2,299,15.463483810424805,
2,299,,11.437081336975098
3,399,14.931550979614258,
3,399,,11.303301811218262
4,499,15.111973762512207,
4,499,,11.315433502197266
5,599,15.124417304992676,
5,599,,11.377923965454102
