epoch,step,val_loss,train_loss
0,99,13.401670455932617,
0,99,,8.106050491333008
1,199,13.28372859954834,
1,199,,7.82868766784668
2,299,13.793574333190918,
2,299,,7.711703300476074
3,399,14.249395370483398,
3,399,,7.6410627365112305
4,499,14.607023239135742,
4,499,,7.628875732421875
5,599,14.143024444580078,
5,599,,7.59909725189209
6,699,15.274582862854004,
6,699,,7.65438175201416
