epoch,step,val_loss,train_loss
0,199,13.372465133666992,
0,199,,10.696346282958984
1,399,12.17779541015625,
1,399,,10.345641136169434
2,599,13.26982307434082,
2,599,,10.448617935180664
3,799,13.0991792678833,
3,799,,10.216477394104004
4,999,13.046988487243652,
4,999,,10.181865692138672
5,1199,13.114054679870605,
5,1199,,10.161145210266113
6,1399,13.393537521362305,
6,1399,,10.147778511047363
