epoch,step,val_loss,train_loss
0,99,13.785331726074219,
0,99,,11.87625503540039
1,199,14.67117977142334,
1,199,,11.676801681518555
2,299,14.83376407623291,
2,299,,11.366294860839844
3,399,14.90101432800293,
3,399,,11.327559471130371
4,499,14.348897933959961,
4,499,,11.300044059753418
5,599,13.989175796508789,
5,599,,11.284451484680176
