epoch,step,val_loss,train_loss
0,99,13.355952262878418,
0,99,,11.822144508361816
1,199,14.053930282592773,
1,199,,11.628484725952148
2,299,13.784584999084473,
2,299,,11.463008880615234
3,399,14.146088600158691,
3,399,,11.453021049499512
4,499,14.84146785736084,
4,499,,11.354345321655273
5,599,13.813959121704102,
5,599,,11.319402694702148
