step,val_loss,epoch,train_loss
99,12.754801750183105,0,
99,,0,10.587050437927246
199,12.781060218811035,1,
199,,1,10.125286102294922
299,12.8978853225708,2,
299,,2,10.064062118530273
399,12.812249183654785,3,
399,,3,10.154593467712402
499,12.850739479064941,4,
499,,4,10.028829574584961
599,12.84018611907959,5,
599,,5,10.053152084350586
