step,epoch,val_loss,train_loss
99,0,14.848381996154785,
99,0,,11.855643272399902
199,1,15.164223670959473,
199,1,,11.550424575805664
299,2,15.227408409118652,
299,2,,11.395276069641113
399,3,15.455965995788574,
399,3,,11.388166427612305
499,4,15.168272972106934,
499,4,,11.354954719543457
599,5,15.26962947845459,
599,5,,11.348082542419434
