epoch,step,val_loss,train_loss
0,99,13.8026704788208,
0,99,,11.970983505249023
1,199,14.167495727539062,
1,199,,11.700017929077148
2,299,14.81406307220459,
2,299,,11.574559211730957
3,399,14.385571479797363,
3,399,,11.368060111999512
4,499,13.83746337890625,
4,499,,11.396040916442871
5,599,14.461974143981934,
5,599,,11.28268814086914
