step,val_loss,epoch,train_loss
99,13.8026704788208,0,
99,,0,11.970983505249023
199,14.167495727539062,1,
199,,1,11.700017929077148
299,14.816045761108398,2,
299,,2,11.574603080749512
399,14.771347045898438,3,
399,,3,11.380967140197754
499,15.43325138092041,4,
499,,4,11.314837455749512
599,14.631105422973633,5,
599,,5,11.359231948852539
