epoch,step,val_loss,train_loss
0,99,14.106797218322754,
0,99,,11.713043212890625
1,199,13.556532859802246,
1,199,,11.297876358032227
2,299,13.249367713928223,
2,299,,10.405713081359863
3,399,13.397735595703125,
3,399,,10.352141380310059
4,499,13.29051399230957,
4,499,,10.34556770324707
5,599,13.32936954498291,
5,599,,10.338885307312012
6,699,13.670223236083984,
6,699,,10.340723991394043
7,799,13.958928108215332,
7,799,,10.317142486572266
