epoch,step,val_loss,train_loss
0,99,14.091230392456055,
0,99,,11.889015197753906
1,199,14.431046485900879,
1,199,,11.498514175415039
2,299,14.348587036132812,
2,299,,11.3464994430542
3,399,14.346383094787598,
3,399,,11.384454727172852
4,499,14.33428955078125,
4,499,,11.2819185256958
5,599,14.395591735839844,
5,599,,11.44339370727539
