epoch,val_loss,step,train_loss
0,13.974902153015137,99,
0,,99,12.051207542419434
1,13.888178825378418,199,
1,,199,11.73352336883545
2,15.057589530944824,299,
2,,299,11.676252365112305
3,15.103339195251465,399,
3,,399,11.66992473602295
4,15.09178638458252,499,
4,,499,11.685081481933594
5,14.801257133483887,599,
5,,599,11.446898460388184
6,14.653472900390625,699,
6,,699,11.321318626403809
