epoch,step,val_loss,train_loss
0,99,14.777965545654297,
0,99,,11.916686058044434
1,199,15.295110702514648,
1,199,,11.6174955368042
2,299,15.595559120178223,
2,299,,11.428156852722168
3,399,15.011384963989258,
3,399,,11.431427001953125
4,499,15.828187942504883,
4,499,,11.289715766906738
5,599,15.317416191101074,
5,599,,11.334375381469727
